x,y,building_id,point_id,floor
284.3740358097628,196.7045530020623,0,0,5
262.3042114606455,189.83839211530835,0,1,5
243.66219224731222,199.91497835056717,0,2,3
258.2128777589239,199.58148424376307,0,3,5
252.71571421177364,197.03371706484802,0,4,1
247.94120159602798,195.70732327155076,0,5,3
285.32331828295645,195.0119003017088,0,6,2
285.4673945412517,188.50982416338113,0,7,1
277.4337653527738,190.39960295830693,0,8,1
253.16340280340953,199.25991490932998,0,9,1
249.22969282217116,196.6138455150725,0,10,5
286.8460828536636,195.57456815335476,0,11,3
248.32819371522586,201.69122519316338,0,12,2
259.64168771963404,199.59674913457928,0,13,6
278.8100723974942,196.53106964053387,0,14,5
271.5872567012262,189.2726521977692,0,15,2
248.58166952417463,189.68741916759654,0,16,1
269.9359451605197,189.2254899069686,0,17,5
264.69650646799585,191.4259115608545,0,18,1
279.09320262732746,198.1974639005172,0,19,4
268.7728021179029,193.12653894629344,0,20,2
247.015354425431,191.24538530518507,0,21,3
252.01683809427405,203.38584505756137,0,22,2
283.1118996442183,191.61035661338866,0,23,6
240.43906970784653,194.83556243178313,0,24,3
243.03780745363449,201.66801030213497,0,25,2
254.4327935413105,192.85994378959703,0,26,5
253.75283418137352,192.81114834174784,0,27,4
262.8789668191252,193.9842945454621,0,28,1
256.161263671935,196.09137088713567,0,29,5
248.8547863096276,194.68552446373553,0,30,4
248.8221845841794,189.1451114034241,0,31,3
248.90641087977392,194.5840376274377,0,32,4
269.6830138012508,192.17502625655663,0,33,1
245.09597855377038,203.39281078197507,0,34,3
278.7172018991065,190.21042923636696,0,35,4
285.09939415226467,189.3390258482341,0,36,4
245.15436304778933,198.72441558728113,0,37,3
265.79866392406734,193.92794842090595,0,38,3
259.95339924220394,188.5406177284594,0,39,2
266.63601133612275,195.9932619275749,0,40,6
277.56282624174594,189.81680498793875,0,41,5
273.72456981927485,200.25375294510366,0,42,6
249.86166579917565,200.1578714316584,0,43,3
259.83188904279956,200.11582623634186,0,44,5
278.8535463601051,196.75550085737117,0,45,3
267.1140549102496,199.17897452473946,0,46,5
250.4851449151249,201.7961918582136,0,47,4
267.5606439877332,200.6475457987398,0,48,3
243.80869211861076,189.93526177191794,0,49,1
258.11486477433874,190.91738454728434,0,50,5
283.0181871145199,199.29786034218392,0,51,4
262.308588327698,195.2886396750897,0,52,5
270.7417667269057,193.60301236810957,0,53,5
244.81891634861773,191.22149347902146,0,54,1
287.0265451245877,194.31840139979093,0,55,5
283.1269413610014,191.5893475316151,0,56,3
273.1489642840759,200.18468296401718,0,57,4
285.7407134842684,188.70365740764095,0,58,6
277.94721125307746,189.82287030152932,0,59,5
243.21266847398792,201.161597739761,0,60,6
255.5034896446394,193.4396986764712,0,61,3
274.3905534825734,197.12629139196497,0,62,4
245.31878021625587,197.12563704527918,0,63,3
253.67895203605525,189.67411818006838,0,64,1
281.3700653216245,196.05626163564602,0,65,2
275.9444741720513,196.36779119834992,0,66,2
266.87531609075637,196.16364906991865,0,67,3
260.45842781651,198.24096418590142,0,68,1
247.9291640318977,201.88609144566541,0,69,3
248.3993613790265,200.37807231900405,0,70,4
269.720675858765,191.39002942317035,0,71,5
269.4572089760252,201.24026719373987,0,72,4
268.1700206669933,197.72651844952586,0,73,3
269.62689414024584,198.4422767046276,0,74,6
276.2457862593046,189.31664439961634,0,75,3
270.0171461985979,202.67047758264465,0,76,6
244.27470653108298,193.21870072712582,0,77,4
282.93541888731284,187.96512709161422,0,78,3
250.52983358745564,192.66495432459737,0,79,2
277.9984387597377,194.81598080860618,0,80,3
260.0612674627137,197.83253998490187,0,81,5
253.42414456442663,195.18391923794144,0,82,1
276.5003815790382,201.3493947383216,0,83,4
245.8062522630604,202.164820567821,0,84,5
276.6840664677379,190.71722452452698,0,85,5
282.2476696240373,188.72820516457173,0,86,5
245.10070375687425,196.46169000843332,0,87,1
243.98199882478403,194.40442889196638,0,88,2
271.77035186122947,199.81593259922826,0,89,3
272.29734063674044,195.27011514791394,0,90,3
252.71062239835243,201.49514534806173,0,91,1
266.1573282791903,189.50047595863194,0,92,3
279.50923073877544,198.26110451046972,0,93,2
257.79975799657973,201.67773063447194,0,94,2
263.7306397002975,189.60715287910907,0,95,3
255.16982256712626,190.97937824295735,0,96,5
272.45632901040426,195.1511532715299,0,97,5
266.22118432889516,198.84123729312773,0,98,3
283.29508630799245,199.93578979808578,0,99,5
260.9408165400257,189.79850781429033,0,100,5
245.0746970092436,203.93247538898189,0,101,2
242.13967861622456,198.04896177871902,0,102,3
245.62966626426348,200.23286677666616,0,103,2
244.06218125693425,196.04414153152067,0,104,5
281.82770464988045,201.36211001230967,0,105,5
283.53369214307264,201.42518090428908,0,106,5
250.31401886172557,193.4306341682325,0,107,1
245.43602752699283,202.36548991733653,0,108,2
247.87652724299775,194.26000268562615,0,109,4
244.7597928558065,194.23760682709064,0,110,6
244.36334950329507,194.8304865299718,0,111,6
270.1374616033761,188.23211696815966,0,112,2
250.8807089827083,197.55368659507988,0,113,5
285.8409892449462,189.70135194476305,0,114,2
273.4658316781282,192.08220270710675,0,115,4
262.48734585930805,190.78055872562504,0,116,6
245.693056148243,199.59776349662022,0,117,4
240.11631359094642,203.70759037059352,0,118,1
274.02763879332184,188.84561160210143,0,119,4
252.44436419252136,197.96514025406344,0,120,4
256.60268497381696,199.4157659725319,0,121,1
259.7445637654402,196.83871347544158,0,122,6
278.42905729848707,192.42039326690931,0,123,6
279.46226860024603,190.90443614599292,0,124,5
264.50413984244585,199.28714969513516,0,125,3
283.34428523478925,191.64044339531114,0,126,2
243.96592970570882,198.12164189674584,0,127,2
242.58522196692985,202.80450322391,0,128,6
282.10819630752155,189.6069306369007,0,129,3
279.96838755829964,189.36696840180045,0,130,4
245.65950677591576,190.18921796906866,0,131,6
258.2685776366771,199.65652985037062,0,132,3
263.11084651009304,201.1528613356379,0,133,5
269.9475007950736,193.29709958106037,0,134,4
263.54280006339206,198.40741986497534,0,135,2
266.19630617889385,191.82438091337409,0,136,4
285.4634928946708,194.1974232336036,0,137,6
256.2496090149236,203.4367274108351,0,138,2
277.38844435760336,202.09526091019308,0,139,6
271.77066620163936,200.04131572339793,0,140,2
248.64880372229163,203.29002195698916,0,141,1
265.92286498116425,189.93180967461052,0,142,1
248.4884396538965,197.17464204079798,0,143,1
257.70330040256255,193.23755447111515,0,144,1
258.42534206665323,197.24396983650377,0,145,2
275.85753621870674,196.38937337631842,0,146,6
274.6894784074401,200.7059296470718,0,147,6
268.4918627726633,195.65341202006766,0,148,3
250.45320060026313,197.09526983459202,0,149,1
278.0707418400838,195.42479336973727,0,150,3
281.91034527867635,194.97612171239226,0,151,6
256.7001882328977,201.06456722175008,0,152,5
267.5918731268436,200.3224425901382,0,153,2
270.43619592082683,195.2616770648859,0,154,1
242.3694467214068,190.8099862557127,0,155,2
257.0869166021185,197.42221640572242,0,156,3
253.4344261288009,202.3106832496952,0,157,2
266.0271466190533,190.26090842540887,0,158,3
265.09584359243064,190.02487795838735,0,159,4
261.0766854208499,195.07907171313553,0,160,4
243.19786673224115,190.29570565695107,0,161,5
242.74449148824564,189.77971850017894,0,162,1
257.29236013614934,203.39511011233313,0,163,4
273.87345772028857,201.01834310629908,0,164,5
285.5290525266922,198.3807157707963,0,165,3
282.6331337198904,200.5464697556808,0,166,6
266.09982554823995,194.52556675004803,0,167,2
261.87380101912385,197.71184462607826,0,168,5
263.84823824627864,196.456246490816,0,169,2
283.14784287741577,194.89923888096692,0,170,4
286.63529974242755,201.19709237868702,0,171,3
265.6817967153003,189.20342479995927,0,172,6
271.6055440168566,188.9138148294106,0,173,6
263.8870527148329,195.86801555924535,0,174,2
255.1179614955294,192.86949365931508,0,175,6
256.3574551998487,190.51653183522382,0,176,3
279.6574423230753,192.09805715108712,0,177,3
267.44314233623163,189.70058225228337,0,178,6
247.59533238322325,196.22320665583416,0,179,6
275.18254859949127,192.24177097903026,0,180,4
270.7518094303376,200.71393185965002,0,181,6
285.1604480682164,200.95957772936868,0,182,2
244.08749947167206,196.6757011513788,0,183,3
248.20679548108004,200.9971726288828,0,184,5
269.47335516238644,195.108916481201,0,185,2
267.7501009038095,194.71674178690338,0,186,2
244.442977904244,201.52219261195876,0,187,4
274.0266200869761,189.10571818997678,0,188,4
244.17678681430968,203.7807124407098,0,189,1
272.78671246341895,199.03898811837715,0,190,6
253.8479053951577,202.619502647584,0,191,5
242.03633338400505,202.45117576933768,0,192,2
278.19841246133524,192.27025484434574,0,193,3
258.3802474416837,202.2605664442732,0,194,4
253.47746178880152,201.58405142826263,0,195,3
273.78416284804314,191.26306482257746,0,196,6
240.75910510303632,197.17596302144443,0,197,5
273.38322459629956,197.54130066148412,0,198,6
242.4058616733491,201.18679513696696,0,199,4
248.21552031225562,189.91718853147904,0,200,6
274.8331762401361,198.44995736141604,0,201,1
286.7015710254574,200.46257365005846,0,202,1
265.9055854744513,191.75424230049362,0,203,5
265.6653524121759,190.1370286008952,0,204,2
266.09332866858523,194.26158290952134,0,205,6
276.86646491467025,192.01275482397787,0,206,6
277.6176763396823,188.33735746943256,0,207,3
272.5148206474873,188.45752222791054,0,208,3
277.25131636657767,200.32588909941586,0,209,3
319.6523825669672,197.91667430877516,1,0,4
336.178676026417,194.98854745623382,1,1,6
324.8559063479011,195.90809162243346,1,2,5
305.8182638346342,194.5406531765429,1,3,4
319.17206452154556,191.20025067520862,1,4,3
328.086645673474,195.0428404861197,1,5,4
324.2493629211475,193.15416037720425,1,6,5
301.90495079916406,191.88472723779665,1,7,4
332.43596673529726,191.648706253825,1,8,6
329.8607248583343,191.12240736765725,1,9,1
317.76262723293627,193.96847988394774,1,10,5
307.675951464234,188.04885168572298,1,11,2
316.3564191274958,188.93101057992268,1,12,6
321.62828676135916,188.7365188885506,1,13,1
311.61024433924825,187.4496633673545,1,14,1
317.5323397464406,194.1606873363911,1,15,5
312.04612617012225,190.8413988728154,1,16,1
311.2499969688183,191.59172406602414,1,17,4
325.7772924557622,188.84664079806856,1,18,3
298.37202817538855,187.27514157346295,1,19,4
313.8824469651517,195.40642183836195,1,20,1
326.6103391542842,189.88995227771957,1,21,3
302.7129615551481,186.41100653375213,1,22,2
320.8318018899167,189.96715732700736,1,23,1
321.5870178512115,196.4600528756644,1,24,6
328.83561365830303,195.0933806095013,1,25,6
326.78033571691924,187.86114771864476,1,26,3
333.4350770084819,192.9842757953616,1,27,3
313.67891117121485,195.77602798169622,1,28,2
337.06902808782866,189.85077309558173,1,29,3
305.75191051597176,196.45239433685643,1,30,1
337.7624618024874,193.42782493512817,1,31,5
309.32364300969545,195.93475845812128,1,32,6
325.05593031357427,187.62763517216607,1,33,4
306.0300913214668,195.4611857615797,1,34,5
315.2518492793802,192.99041830496606,1,35,3
297.82885894112957,189.89312712479267,1,36,4
300.94477606891263,196.92574572988568,1,37,2
320.9153785045512,190.953905319653,1,38,4
318.0687772271444,195.6296417851906,1,39,5
316.57147805056934,194.27274668155457,1,40,3
299.67705528531246,198.3216947861895,1,41,2
319.59347778794336,188.32979061048252,1,42,1
333.2371159401606,194.28664768902803,1,43,3
328.47789889969636,195.05133168965574,1,44,5
304.72543529457346,194.5726887433369,1,45,5
309.30325222191743,198.3045498544339,1,46,5
301.53242812388913,196.07573657338892,1,47,4
315.6439828321495,186.88705687586582,1,48,5
298.6883675309505,192.61985512819976,1,49,2
306.6198110106921,197.98035361540045,1,50,2
328.8316032068284,192.24473603480237,1,51,4
332.28816459928265,197.25562114427126,1,52,1
327.2941251692588,196.03310509230954,1,53,2
310.3775457113994,197.22411326147562,1,54,3
315.1123606684994,186.62017885401414,1,55,6
301.95333668470397,196.9704632633259,1,56,3
310.61625573855696,188.4381871016563,1,57,2
299.84572150194407,194.4667251435623,1,58,4
337.99716097048304,193.4072824470177,1,59,5
302.25932221092074,192.21315613975332,1,60,2
319.1122661478605,195.56178638947105,1,61,5
323.0630846316287,196.41558411850775,1,62,5
317.5934205414634,188.5952706672559,1,63,2
305.4703871235178,193.08932577252253,1,64,5
302.1987516146372,198.10688242131516,1,65,4
325.73420944623524,190.07157829987355,1,66,3
320.0314638476986,193.00142830725375,1,67,1
323.0002804733722,188.0747848354545,1,68,1
311.2634756088714,197.9993570154248,1,69,4
326.19747766758167,196.8874804218207,1,70,1
325.73789215003825,186.44992099039956,1,71,4
312.7608214776009,191.6400173582534,1,72,1
324.8671626396511,192.95744812083458,1,73,4
323.8132252842172,196.5638284317896,1,74,3
332.9204196433668,188.1038573349293,1,75,6
322.051467855111,197.93415180758134,1,76,5
330.0655911180761,190.04809875753838,1,77,2
307.21069391300034,192.88369201069702,1,78,1
320.61695613212646,193.46658483350063,1,79,4
303.98855918179515,190.83809679519246,1,80,4
328.85166433094287,190.46699438196728,1,81,3
327.38299458046447,197.21958959305996,1,82,3
337.6744156183288,187.14860529369935,1,83,3
336.771127109086,191.62698400537806,1,84,4
312.7596825215674,194.39228114443887,1,85,3
303.3228013854555,197.28283129958675,1,86,4
298.38295592519523,193.26045150854696,1,87,3
333.8823937034489,197.8399409864018,1,88,4
309.3896122243551,190.16474339979112,1,89,4
329.4850621972208,196.0693514067744,1,90,5
328.8855374944406,195.01837532934445,1,91,4
326.67994940514455,198.27079379129557,1,92,1
337.4306505090107,196.34719973621694,1,93,3
330.2630143230804,190.69175215681634,1,94,2
304.26419776318124,192.23248460104784,1,95,4
322.7080038249004,190.88713048188222,1,96,3
305.54849418258954,198.53056393165733,1,97,4
326.8688423944652,191.74240903643118,1,98,6
307.30283214828984,198.02156282869265,1,99,1
314.941140475392,187.30633766955182,1,100,6
307.82360363060326,195.33465093314834,1,101,2
320.2480603029026,193.6216345750229,1,102,4
330.290995630915,196.84507860961082,1,103,4
329.02045002245745,187.03397256387717,1,104,1
300.8479094588493,194.24319161019864,1,105,3
305.524394646218,190.9624599924991,1,106,6
310.10153165205656,188.59624974030828,1,107,1
304.7204921478623,199.64532279970962,1,108,5
307.5004286342457,192.239316882897,1,109,1
319.21004206582734,188.68974462209025,1,110,5
309.38430538218023,187.81751504522776,1,111,5
328.25201507560837,187.18406435551472,1,112,4
322.58345292267154,191.71482970934386,1,113,6
312.95595669972397,187.85696652632853,1,114,5
297.9999489409042,194.68723611506888,1,115,4
319.6320045713864,194.34103819209133,1,116,1
323.15190134422284,188.20175905827622,1,117,2
332.04407746799325,193.03733228875564,1,118,5
303.2384702758189,190.56887821845288,1,119,3
307.8745205817746,197.06490673002685,1,120,5
316.6100641562344,189.31125111209263,1,121,6
313.6307533402809,189.70467600639097,1,122,2
299.9100539143794,194.16275623817228,1,123,4
332.25216735492575,196.87958441691677,1,124,4
306.62976906507237,197.35914613327031,1,125,3
331.3894068636497,188.27230765537482,1,126,1
300.5059120428543,188.41284078484563,1,127,6
308.9342082235438,197.98283969050746,1,128,2
326.3242587160272,194.55851908631308,1,129,4
311.88823675299466,191.36265698320665,1,130,3
317.4153552533157,194.53315075723626,1,131,1
307.1832994383678,198.80778219232565,1,132,6
314.20821223723726,189.19830843912965,1,133,5
300.5381373200549,196.74163447721983,1,134,4
323.9811677124984,191.09917481351414,1,135,5
312.6627619221982,187.34890226548427,1,136,5
319.9538379927809,187.07731894113678,1,137,5
302.17362114152365,191.21248348651858,1,138,1
299.9518431592385,186.8702657377212,1,139,3
302.2083457321567,199.17988445758695,1,140,6
306.1995859205481,186.7323445636519,1,141,3
307.1002962959835,190.63335868895615,1,142,2
301.9118748448581,192.98707119979807,1,143,2
318.68740488726223,190.46589679350998,1,144,4
335.7379249729371,192.90179559713704,1,145,2
307.78503193329243,194.10088128275197,1,146,3
324.26714027464993,189.47905429824442,1,147,3
323.8344273766143,192.1153248670093,1,148,1
337.7339283327005,191.85251131160106,1,149,1
309.50346330312846,194.36200148609555,1,150,6
304.5464209715652,188.729582170176,1,151,3
313.44494294053294,194.17542091311586,1,152,3
304.3562639000885,198.73886034036528,1,153,1
316.6734995910167,194.54555557018256,1,154,6
310.26597045371244,188.02002432725297,1,155,2
308.44532041707487,193.40922218397338,1,156,4
322.98824470173554,198.31827727395842,1,157,5
336.65871188463234,192.98430123086,1,158,4
321.1163281848209,197.24120982951257,1,159,3
338.048369296997,187.82198108497082,1,160,1
306.8502862008057,186.37702915970263,1,161,3
315.01578372764754,191.9106077063276,1,162,5
316.26501924313567,193.2899061921782,1,163,5
309.43664536973705,195.947597539844,1,164,2
329.24171856869066,186.83957996023867,1,165,2
325.1082551474605,190.4978535799952,1,166,4
333.8934572793491,191.27067364788158,1,167,5
336.9958976185796,195.13053937762552,1,168,2
321.09992082387413,188.66779462445885,1,169,4
318.4829263436057,190.14458187728567,1,170,1
325.64972143251987,187.43805274084957,1,171,2
305.6395010957977,192.92089068466825,1,172,5
319.1163640827672,188.60805140161,1,173,4
331.7013498587671,192.420373098222,1,174,5
320.8996795289496,188.40110793515714,1,175,2
333.7521700542601,192.0986854661784,1,176,3
317.9182764866163,189.47471261129525,1,177,4
305.6986262575758,196.0093923809583,1,178,2
298.9316251822021,194.03719591643534,1,179,1
308.5556998904467,197.42139549901196,1,180,5
330.10831433215384,191.55582477488485,1,181,2
327.64045452467394,189.1729836918596,1,182,3
329.38285920762456,193.96865676684348,1,183,5
323.80305401214616,196.04258424182643,1,184,3
302.02788150506456,194.79920900520517,1,185,5
298.0872820084014,197.30303734286338,1,186,4
306.76678673628396,189.31364422629707,1,187,5
298.23864726521384,188.4202253074768,1,188,6
297.60143213330724,190.20734740589162,1,189,5
313.3511617265679,196.14682633373633,1,190,6
335.49064118681906,188.57216437800946,1,191,4
319.56151390174074,191.3835752776749,1,192,1
307.1964235702067,196.47419606614125,1,193,1
326.89435712814446,189.29306849786815,1,194,5
318.74841219517083,197.08472756021825,1,195,4
326.6333823609894,193.1879595385747,1,196,3
306.274719451462,187.505847995072,1,197,5
333.8448370547312,192.9261999423891,1,198,3
299.1468442715393,192.13532365379888,1,199,2
312.7041588581659,194.6647366603906,1,200,3
313.5920807839915,187.26735831071244,1,201,3
316.9868990552963,191.51318814896058,1,202,3
314.20623769445496,197.02051376872532,1,203,6
313.8101920296091,189.03778331177787,1,204,6
322.95383402348983,189.7867835411423,1,205,4
334.082012340117,189.3917152636825,1,206,4
314.0337565452138,194.33573424062814,1,207,2
304.3964588789066,186.61550199051746,1,208,6
309.91874524201825,196.9351463846866,1,209,1
306.0864947942143,194.88195769650738,1,210,2
297.567758154875,186.89855550421422,1,211,1
325.7020807473936,192.27708516816855,1,212,4
329.9012838640899,193.75834573355627,1,213,3
331.9114486204086,194.24489057722062,1,214,6
337.7894406068417,193.93543606430873,1,215,2
303.1521205537796,189.55482873270157,1,216,5
330.8612038227128,198.06613362854202,1,217,3
335.349397562247,195.1443656335414,1,218,3
304.32200468729536,197.06235136474058,1,219,3
312.73981379385555,192.02836479255774,1,220,3
331.2290407480829,194.58486706728212,1,221,1
329.48782415724537,193.91418843995328,1,222,3
316.84478151439976,194.29416210040054,1,223,5
306.155527482394,192.35084998507773,1,224,5
299.12843120685363,187.25299796012212,1,225,6
299.6627543257846,189.5689665107495,1,226,1
331.6296532088642,188.62618171676206,1,227,5
309.08854594084016,192.30818253295178,1,228,3
325.25899150578215,192.32758460181296,1,229,2
304.1234115522243,191.54514242261058,1,230,1
326.3444008998685,198.29688895230618,1,231,6
334.0161829909236,194.1034292531562,1,232,4
333.75273684493175,189.98503140787784,1,233,4
333.6277909377797,190.79304448866606,1,234,1
323.4604121267922,197.78223278598102,1,235,2
309.05600991764453,188.13381053968314,1,236,4
297.87121332850614,191.8807804586294,1,237,1
315.6331872221519,197.3411138126146,1,238,5
325.31129674766925,195.33608628563923,1,239,3
298.41700470675886,189.68946752722962,1,240,5
309.5600280972669,194.27336845859824,1,241,3
330.98551057734596,191.05799393200473,1,242,3
300.9268519198595,186.82194618456157,1,243,3
298.4829112961796,196.8996904920674,1,244,4
326.99623973523603,197.9707276192593,1,245,4
315.59076958512736,188.73704547173116,1,246,4
312.314538449378,198.59519703411934,1,247,4
309.9507797703533,192.90031091213967,1,248,4
313.4523650573518,197.5419187896133,1,249,2
323.851571674338,193.46708643356504,1,250,1
327.7881566523263,188.23768172794493,1,251,5
300.57544652004765,192.32186740300622,1,252,6
337.6989329829753,190.1391132500571,1,253,1
309.1842807034012,197.37910690511427,1,254,3
331.6075065703442,187.61425779916007,1,255,2
298.09526487661896,187.74445157277648,1,256,1
300.73495727551466,195.647661028185,1,257,2
334.91184693012246,191.15968111264897,1,258,6
334.0814670330308,190.80764132973647,1,259,2
334.27448666948567,193.01909110948213,1,260,2
322.2741384756396,195.1581907203762,1,261,5
336.49704297641296,191.5897342264699,1,262,3
320.9619907917431,194.66652480162463,1,263,4
300.90796385044706,190.68359029743308,1,264,5
324.49211596530824,193.93843049162334,1,265,5
320.047200192441,197.4395167097264,1,266,5
307.43947725729697,191.20150213305772,1,267,6
330.3620322266237,189.15478573086952,1,268,3
331.19874704521055,195.9491766607282,1,269,3
304.2539731679575,188.6768601393544,1,270,1
307.6604201972657,194.88518673855071,1,271,2
311.201842065918,197.0766749016772,1,272,2
327.88577916819105,187.68930712940787,1,273,6
297.94274890985383,192.39074710189922,1,274,1
312.2088853197499,197.57684499268038,1,275,1
308.5369762149248,191.21347067684627,1,276,2
308.14578758160224,194.58996820762894,1,277,4
305.8198714780996,188.3770518657685,1,278,2
304.0490249786754,198.50632181424024,1,279,6
301.9963849779727,192.74019702367994,1,280,3
315.2146678030175,198.00144974022783,1,281,1
300.72557882523705,193.82125041203378,1,282,6
315.5603308611237,197.51897913704528,1,283,4
306.64138806243574,190.43083319525846,1,284,2
316.7194240478759,192.61233299720536,1,285,1
308.0933316434828,190.90307280651808,1,286,6
298.73233962152426,192.96715668305876,1,287,2
297.99870444468286,192.10265662170937,1,288,2
318.1702237828422,187.60148281113763,1,289,6
306.51164156577266,189.46491843189818,1,290,3
301.4003493662095,196.59352066862192,1,291,3
319.80144748349136,196.62929900333384,1,292,2
298.67336044647624,191.61064752523478,1,293,4
330.9033442110555,197.90543044327188,1,294,1
313.6047051213129,188.9817500584767,1,295,2
309.48990870590995,192.8128886707896,1,296,3
308.34186916276536,190.83389042778464,1,297,2
312.7806006013132,193.75953297817824,1,298,6
319.2204450869799,191.60663253869902,1,299,3
308.5203188583791,196.69773847956822,1,300,6
303.88131869183064,195.898527022019,1,301,4
299.3336168334374,197.92483279175534,1,302,3
302.6878870910807,193.13813690699746,1,303,6
299.5388893435975,194.79144678164195,1,304,4
330.7663448388653,193.8332579696275,1,305,2
304.29647750293134,194.53588172155773,1,306,6
332.85308630272004,193.12406941114142,1,307,4
321.6137273052503,190.1637013958643,1,308,2
305.17378798231005,193.37363876483835,1,309,2
328.7907790939299,197.29730923516553,1,310,4
326.520345658103,197.6121532082848,1,311,3
303.93433884004634,197.3439326559692,1,312,1
317.6247622766944,186.99038954285916,1,313,6
320.82378512527595,192.8296782753764,1,314,6
330.9178392121041,188.64377260020396,1,315,3
310.95114922731386,186.38440715726483,1,316,5
302.74944791183555,190.3262051507216,1,317,3
314.59086149293785,190.26761472992217,1,318,2
319.88391446047746,195.77743039113622,1,319,2
321.83112945071247,192.60607694457386,1,320,3
304.84527327432477,196.56922357717656,1,321,4
302.3072943656558,195.378518805241,1,322,6
320.30957728595,190.2884525548189,1,323,1
315.0858101407996,196.67455307528823,1,324,3
328.0595890095392,186.97684401662812,1,325,1
316.1936662351719,186.68746748775928,1,326,3
308.3757195421888,196.21683841080508,1,327,5
299.64823401814175,193.33405305268033,1,328,4
303.5861099308718,198.014450865772,1,329,1
310.1609859819773,193.55470355229966,1,330,1
305.0939891277426,192.00074402375702,1,331,1
319.71726144420666,197.86889739814754,1,332,4
323.08661143704296,197.94179337377827,1,333,1
303.0479612251517,192.44047661801656,1,334,4
333.46164291847816,191.16230139805563,1,335,5
333.81218064889305,276.89959959245584,2,0,3
319.37139468023287,274.4129011261259,2,1,4
316.80356629694757,286.8978111223896,2,2,4
311.0413911354355,280.3524637840149,2,3,1
311.7775319680254,281.79776967400204,2,4,5
303.2200623438803,286.74688590803004,2,5,5
302.47328201528023,281.7784034479226,2,6,1
307.09995107878626,280.44235472687757,2,7,6
322.2991758864611,281.83040505718765,2,8,3
328.60651693214146,276.3820012492898,2,9,5
310.4652820761499,278.27896629863784,2,10,5
328.2197808434935,284.73297180099115,2,11,1
330.20114285861473,276.4155052562303,2,12,1
317.4246169230608,283.4996382302215,2,13,4
317.2207777011458,287.10678979369294,2,14,1
331.37330286537923,283.13770461570647,2,15,1
327.5022753255776,282.803661277697,2,16,2
336.82998236333094,274.9729998628886,2,17,1
334.2242360570007,275.9206895181807,2,18,6
304.8584114364754,274.94579646817556,2,19,2
305.8998155562367,279.67466044638456,2,20,5
310.14134734486237,284.1755668855016,2,21,6
300.41276126444706,285.52824057611974,2,22,5
313.55660880310694,284.0030184909131,2,23,5
326.1826873546675,281.0386493071457,2,24,3
336.3607383069967,280.28934648155195,2,25,4
322.4347372679333,284.7525929369398,2,26,5
313.18645768263315,280.7819085203697,2,27,2
317.2833168258946,277.44380287978237,2,28,5
315.97485541536724,286.6783185641384,2,29,5
303.38839101138603,286.6223168828155,2,30,5
333.8011923387631,277.9915397335076,2,31,6
326.7457274242992,276.39829960296345,2,32,3
304.3346930898297,274.94510955125304,2,33,1
317.19681266554096,284.64251053460373,2,34,6
321.6313707757843,282.5221247889137,2,35,3
325.08027935296127,278.14293685328266,2,36,4
336.4673440277049,284.2975002947629,2,37,3
309.8978069365023,274.37307475829107,2,38,4
328.7524818560127,275.5521339353916,2,39,2
301.4365457111786,285.4244896823755,2,40,3
326.19732875007253,275.6989386112676,2,41,3
301.7955973059938,285.86210405717276,2,42,1
323.3330581149334,282.37040203183557,2,43,1
324.5191764232146,276.72657157554494,2,44,3
333.6502888415491,275.20511203338106,2,45,6
304.09902365462045,279.34554285770645,2,46,2
326.46961737624,275.7124546869418,2,47,5
333.8903614865937,285.9683571857084,2,48,2
304.4211181693022,281.66228034163754,2,49,6
327.8172424193256,286.48114082390504,2,50,2
335.0012051431658,279.5958669949852,2,51,4
312.4899974578361,274.61835823898053,2,52,4
313.55179990301303,275.29699803750646,2,53,3
327.7748127031469,278.7585615129283,2,54,6
315.1580433234563,286.1688720651659,2,55,6
306.9042988554028,278.33645676983014,2,56,2
330.42877221177935,282.60557127755663,2,57,4
323.7721643968915,282.205142994867,2,58,1
325.6225853123337,278.4259806738906,2,59,2
304.1910567730369,274.0382607732495,2,60,6
315.1640527753871,281.71763428771794,2,61,6
314.61741384153987,284.1133706011157,2,62,5
334.77843527217675,279.05412348119944,2,63,4
300.6688293728891,278.3090585756206,2,64,1
312.33233678712526,280.124869659998,2,65,6
333.6307426382119,277.40888683895383,2,66,4
335.31668238871237,278.3387101300001,2,67,1
318.959375467901,277.44404961512777,2,68,5
317.34556710429763,276.6100275785804,2,69,1
333.8628480660468,282.0438754881199,2,70,4
314.6450426404573,276.0159613667197,2,71,6
309.12844721837973,275.9662316688217,2,72,3
313.8379440883292,283.4087297048335,2,73,1
306.9825481686981,283.2292122024864,2,74,1
321.93388588990894,277.7805800109777,2,75,4
325.68229278118804,283.55315739135875,2,76,2
326.82890497240544,282.46063092554806,2,77,1
309.3221457340134,283.2933054446098,2,78,5
309.6123804914603,274.7746067681141,2,79,6
324.58652006318033,284.6217591744494,2,80,6
327.7750686646805,281.85530452532,2,81,5
314.50639265301885,283.32041281158456,2,82,2
317.79107238384887,285.57809178689524,2,83,6
306.258324195551,276.358604662156,2,84,4
303.8737194107896,282.3682325001686,2,85,1
324.079020029266,275.1159083217254,2,86,1
304.0304278463754,285.90483487813106,2,87,4
337.113642662325,278.9161979087171,2,88,3
326.486943844166,285.66042232344125,2,89,5
319.60463284645675,285.2304720404403,2,90,4
314.2868846917704,280.1768798082447,2,91,6
323.66784978182216,279.0273019030628,2,92,5
311.0742072275016,274.5364414855883,2,93,1
313.19475324467095,283.5670462978188,2,94,6
321.4540605343653,276.8991793806789,2,95,5
314.62176773713975,276.2484372215797,2,96,4
313.6180799099362,282.6666163569549,2,97,5
301.02325369482935,280.25331682885434,2,98,2
319.91929878136915,276.6105452790684,2,99,6
312.09079865038063,286.9920432942099,2,100,4
304.53324952142015,286.9214225653593,2,101,3
304.8471750660275,279.41244044536717,2,102,2
322.01387125978704,283.64878597655996,2,103,6
305.5523849586891,285.9396122805574,2,104,3
307.95629545787756,278.8600386027711,2,105,5
331.9822107603791,285.76886686229693,2,106,2
312.125493874977,285.2058321922298,2,107,3
300.50811071533826,279.9668638484213,2,108,6
306.04068911979135,275.5412474129539,2,109,1
321.2501899084175,280.3253593613432,2,110,6
315.01538068480085,283.876194645379,2,111,4
329.54756671968465,275.62519654061924,2,112,6
315.83205931708716,275.5119651866814,2,113,4
320.7766598654942,284.1314613166474,2,114,4
304.73328535435473,276.3283298542629,2,115,2
318.8512659222847,278.45741743825613,2,116,3
319.4347625200878,274.4414083218923,2,117,6
310.8686501281496,279.9548736799377,2,118,1
302.7938424786578,280.55781120053115,2,119,4
338.28282693989627,281.85955059669243,2,120,3
333.1457900447819,281.4064496151775,2,121,1
319.2564472056596,283.4759948132228,2,122,5
307.4677848453686,283.656858696824,2,123,4
310.5262374539232,283.82257293502767,2,124,3
334.081679558859,285.746364441775,2,125,2
330.0476894934254,285.5325619069514,2,126,1
309.89435707030907,286.3969371220985,2,127,5
331.0342505842499,279.6221897566637,2,128,5
335.84412958700267,284.69105525591715,2,129,5
321.5826447560532,282.5017651763272,2,130,2
303.88855261543443,275.7550157822781,2,131,1
333.2644876303132,280.8767298984716,2,132,2
320.58009611898353,285.26454340647683,2,133,3
303.4698990260459,284.1430614033473,2,134,4
326.88845169875333,280.125456915756,2,135,2
324.5348386046785,286.8572062987674,2,136,3
304.96772495835495,275.82125196087793,2,137,1
325.85183131053543,275.9515595222557,2,138,3
319.2031247671833,279.38359747124696,2,139,6
303.39383239935,284.1780455355032,2,140,3
331.33970183325965,285.91937948888574,2,141,2
312.1771752737946,280.11685447601093,2,142,3
328.4772654621191,283.5553429954729,2,143,2
313.29737289361617,275.4911261266982,2,144,1
335.36424153749954,282.1250983268165,2,145,3
324.1482596223543,286.5285509155777,2,146,3
315.7420897613776,278.00507873567335,2,147,2
338.5621016827151,285.223588788466,2,148,3
328.03155621695475,282.8958212506224,2,149,4
331.3822598102019,279.3988927697383,2,150,2
300.60032324524167,281.74547043222015,2,151,3
322.8147675091741,280.55403062802947,2,152,4
320.515502484263,280.28773253296566,2,153,2
334.9655722125589,286.8099460899224,2,154,2
317.4915135369364,277.91206841839306,2,155,5
335.4332228919014,277.7414219057376,2,156,4
309.8356405509038,278.13523858061757,2,157,4
316.7387745637073,284.5044466361609,2,158,4
307.7344770919855,275.6563915913619,2,159,4
329.6779880102915,285.49328218750065,2,160,5
306.77257969930537,275.6851485400631,2,161,4
306.746734880519,286.54546054795327,2,162,2
316.60288623164905,279.1986576094857,2,163,4
312.01251543712266,276.0242565440109,2,164,4
313.5336185024152,275.4283042490754,2,165,1
314.6479327768862,277.36363001085596,2,166,3
324.0950213031427,283.0833731835135,2,167,4
315.67823298636324,284.3625889595801,2,168,2
304.77659813219344,282.03442230910497,2,169,5
327.7752909667395,274.2685131254279,2,170,6
318.97978702592576,283.80913003702943,2,171,5
316.675819655155,279.1453334540806,2,172,1
336.3829066299918,282.7037091175908,2,173,6
302.8259512726386,275.2621242464457,2,174,3
303.1360434176369,286.34430742728,2,175,5
335.2832721906601,286.4823560256998,2,176,4
313.16326909930024,277.5588128270401,2,177,2
307.15380516951757,280.4778214938545,2,178,2
309.3263435119962,286.89819681104626,2,179,3
332.3617862830361,280.4610580814772,2,180,5
301.75224981652144,284.57063911468157,2,181,5
336.6891651605183,284.164727336446,2,182,3
336.45061572160546,282.1913041336907,2,183,5
332.7912531189131,276.2948630194628,2,184,3
316.3256778178815,281.61681493971554,2,185,5
327.5890525739335,276.24509501742705,2,186,6
331.46037146129817,284.5773346001329,2,187,4
322.09335938131665,287.0681717719717,2,188,4
304.3984095272835,278.27084160038316,2,189,1
306.2431227684811,274.4664470175046,2,190,4
306.9221897048597,282.73443866379796,2,191,3
300.91602322979577,282.53839816090397,2,192,1
315.1430231248872,285.2076596294957,2,193,6
307.91104161840514,280.08975637301455,2,194,6
328.8305566773067,279.371241586552,2,195,6
330.9899121252838,278.7721117140511,2,196,6
301.17379808235603,279.9830566936016,2,197,2
303.16741955674433,282.3863793421942,2,198,3
304.33451788249147,285.285575678584,2,199,4
326.6666082634617,285.1169135232988,2,200,6
311.9461419179393,275.7623364418596,2,201,4
327.4607743428122,286.770141725316,2,202,3
334.81226894228445,275.24709987309734,2,203,2
316.50501745474185,281.7595612660498,2,204,4
306.99199975101516,284.9579693815676,2,205,1
322.6357066902055,280.0157531318895,2,206,2
322.5373818558398,278.19072154994285,2,207,5
316.9042596994542,285.7476393231707,2,208,4
328.1823537405303,283.60662383173246,2,209,3
307.3180295647198,280.43139933876756,2,210,2
313.3729026546047,274.52884702908204,2,211,4
335.8674069688464,275.06103618087474,2,212,5
301.37236066405416,277.6564819345279,2,213,2
300.99621911444063,281.7895010181083,2,214,4
302.3094687226536,283.2471896250091,2,215,3
330.81150139366866,283.4734520560464,2,216,3
318.25491316095474,284.64489005514054,2,217,3
327.0162663972883,283.23991312190094,2,218,1
331.208497304843,281.8241649830644,2,219,6
326.85275084279846,280.1654576352659,2,220,5
309.7477658938842,284.5270862540304,2,221,3
326.68756035449434,252.44026042918162,3,0,4
323.81033284593457,256.42153480420313,3,1,2
322.36606537024903,248.64312156637465,3,2,1
326.8825045867119,251.63049197734458,3,3,2
316.02267396309696,252.26199274080838,3,4,1
313.1364126752972,257.51982181455463,3,5,2
310.13384343435376,253.9712060536883,3,6,5
306.3281173330581,248.92526460515572,3,7,2
314.4037032077042,248.70646608767066,3,8,3
320.4358096830806,249.56005999508753,3,9,2
323.8633000837394,255.38476176276478,3,10,4
310.12809020863284,252.39082377195788,3,11,1
314.4367917300446,256.4021862634058,3,12,1
312.8342494694642,250.91533521597984,3,13,6
328.9795727897869,252.58314356398483,3,14,3
331.52904291188014,252.1133778402867,3,15,2
315.55653470163924,249.31264694251587,3,16,6
320.79785137168506,253.18011352473403,3,17,5
320.09949689768735,257.16914951334644,3,18,6
308.918644623605,255.31493325197488,3,19,2
321.4653208861138,256.7232622124784,3,20,5
322.03662460381344,251.13171417981158,3,21,6
328.7275907373465,250.65134071590518,3,22,1
315.0614361588365,253.05751551599127,3,23,5
315.46004475042463,253.0124073145991,3,24,1
336.1987995336903,249.5131275665486,3,25,2
305.731463703847,257.2824019016163,3,26,1
317.8877846985913,255.69445477769435,3,27,4
325.11558396507246,251.30889063499887,3,28,4
310.7838549249596,248.62172956544225,3,29,6
332.7461105990019,254.40110399514737,3,30,6
323.56743878144897,256.5567346545465,3,31,2
305.6109336732548,250.61897969119556,3,32,6
306.20942757526956,252.75141209284072,3,33,3
312.52837472151225,251.17760403367728,3,34,5
319.519447164988,253.8251849696375,3,35,6
331.23270632195596,255.09226088186526,3,36,6
301.4991414867577,249.87941955684383,3,37,3
308.7884761018577,254.6414373696854,3,38,4
320.9400566988421,255.89639429730386,3,39,4
308.8925523735325,254.66679125540185,3,40,5
308.98009314079553,256.0166111262035,3,41,5
333.5676399739292,254.14521425444462,3,42,1
301.9336965336079,255.69193703912052,3,43,2
333.79397703343136,253.27379795538613,3,44,6
309.45699465797423,252.62388914540637,3,45,1
313.17977947306167,255.5381000214672,3,46,6
310.9560007043514,257.174896672872,3,47,5
335.14713744535027,252.4960672691171,3,48,3
311.0938266437528,249.1871808334568,3,49,3
330.26972583106567,251.2180957039491,3,50,4
312.4814989898398,252.2463156814909,3,51,6
321.161316489627,248.69295038925873,3,52,2
315.34910737252574,252.2881058929258,3,53,6
321.82957486277934,248.934051676254,3,54,3
303.9171193545582,249.23497572103688,3,55,2
325.94445070161345,248.4078254592416,3,56,2
324.9106202908042,251.7257952687282,3,57,2
333.621274367488,253.0555027529046,3,58,6
316.948705596228,249.01945374853372,3,59,1
308.708406857101,257.8177213097771,3,60,3
306.67158901764225,250.49046391662068,3,61,2
330.6029443125644,252.89774265266445,3,62,4
314.0997357085952,250.4048395586476,3,63,5
308.8320519313886,256.73050303423287,3,64,3
335.0828990172948,248.48605121186205,3,65,5
307.08995220629504,250.27234926508117,3,66,2
310.18254928047645,248.60757803968605,3,67,6
328.87772233661354,249.56407958822072,3,68,2
314.35042744308345,253.78869300320198,3,69,5
312.9098139260611,252.89315729005537,3,70,1
302.73071643490584,252.36686541657315,3,71,6
320.73991813077487,254.60342397524064,3,72,5
332.30942113168464,249.7972935355096,3,73,4
307.3212260276369,256.6800775815945,3,74,5
324.8266466262614,255.8954211980903,3,75,3
302.34255297292566,257.53172653256064,3,76,6
304.86342979454685,257.32256449539295,3,77,6
300.3005471940438,252.44442027675765,3,78,2
330.67977086089024,255.45569632265307,3,79,6
321.8496682787361,254.27921469497107,3,80,4
323.57512399431164,251.5990842708835,3,81,4
317.52680630402295,254.6591334200888,3,82,1
308.8082347581632,249.13335662121253,3,83,5
318.38881844512827,253.25198170173633,3,84,2
329.74466875053184,255.22988791634128,3,85,2
322.16784387893944,254.2169495330181,3,86,3
333.8105744055246,253.21345442464684,3,87,3
308.21467956228133,251.35527478171363,3,88,1
329.0143098873395,256.5285924366899,3,89,3
321.6544450861666,253.87709987032315,3,90,1
320.89610970441333,252.74205293667362,3,91,4
316.72463033749256,251.19069126792596,3,92,6
299.71515126237836,253.69449721458068,3,93,2
299.4321173580227,250.745568735936,3,94,1
300.17919188727694,251.2396159480257,3,95,2
318.72522205479356,251.17458934961726,3,96,6
314.66906085989285,254.28284104655168,3,97,3
324.8791256541669,255.13161736350511,3,98,1
309.7304996951681,250.9436391209806,3,99,4
319.02202960811246,249.10984530841625,3,100,2
331.3329537655819,249.694264121136,3,101,6
323.73718969284835,256.9425810904398,3,102,3
309.75624829882685,255.5625670110972,3,103,4
306.63260981180036,254.03209944358784,3,104,4
302.5312708259485,257.0437234226636,3,105,6
299.743267710529,255.8490863479123,3,106,4
307.4147813213664,249.2026340315825,3,107,1
301.39584358873174,252.26573459838278,3,108,2
300.80519698235423,256.23773709672395,3,109,1
333.33959099877194,252.6748031376265,3,110,6
311.8882967918607,248.6099714117408,3,111,1
322.28143119665475,254.67294771473007,3,112,3
326.1341823448455,250.97583224603508,3,113,6
322.39101345400854,251.61909806808745,3,114,2
304.92536497552646,253.78293071000354,3,115,5
314.7685847689462,255.613801670954,3,116,6
321.6608190400909,248.28847321484685,3,117,2
299.57937408503096,255.93171786278063,3,118,1
324.72054758064667,252.99217622562693,3,119,2
331.3711510123696,255.77268974946918,3,120,2
330.15953977216753,250.9352824822587,3,121,4
315.362207940043,249.71783912838714,3,122,6
306.3632820724055,255.97293228290954,3,123,1
307.29735190548257,251.15747821306712,3,124,3
316.1307633376518,257.01467299936326,3,125,3
300.2230839918124,254.20735598155332,3,126,6
330.922960705921,255.05187416108848,3,127,2
317.4124087141644,249.97535136629372,3,128,2
320.32295549005863,251.3845283287137,3,129,6
332.28066589123654,253.67115359220836,3,130,4
331.1910195592599,252.74663258679297,3,131,5
327.90368563473896,253.69965033722178,3,132,5
331.46069805173505,250.226074360495,3,133,1
303.1630286970664,249.78944526253014,3,134,2
334.6138793727901,250.91552576804855,3,135,1
304.51696813958455,251.10387122072515,3,136,4
317.61109841360013,256.7855826674634,3,137,4
334.92333937508795,255.98654086460127,3,138,4
302.45942017631677,253.61762155060143,3,139,4
326.00951415029226,255.85619341120463,3,140,5
324.7734475110351,255.08526217433138,3,141,6
299.74236503662803,250.81397661041663,3,142,1
303.6030106274855,255.93066681803967,3,143,6
321.80801866336407,254.48017583936755,3,144,1
300.3401241230399,251.15880272652078,3,145,2
327.20524661686704,249.03284415117898,3,146,1
322.29990034566725,248.34670361956427,3,147,1
334.5049413157036,255.9022453863132,3,148,3
300.3588666784162,254.51914980693965,3,149,2
311.2829929778578,256.8785188463668,3,150,1
310.808934821989,248.7952335442757,3,151,5
330.67572578261706,253.28099381459987,3,152,3
322.50252142264543,256.36919381413503,3,153,4
331.84694908411416,249.95720384746642,3,154,4
307.03718724969775,251.0178669073941,3,155,6
308.23773964505403,255.57715206049238,3,156,6
307.3559173268073,249.1142205081705,3,157,2
314.578187937643,255.59361326174516,3,158,6
326.25182567275544,249.43425491373407,3,159,2
325.0051293647002,254.9757749083814,3,160,1
299.4622506531823,254.745645302053,3,161,3
305.4661599559605,253.23101091309724,3,162,3
300.08084259960157,249.28605086120152,3,163,3
313.2775399786574,249.313122593657,3,164,3
320.29089937758727,252.65397276111477,3,165,2
308.2378918314568,249.75214164791893,3,166,6
316.82116508192644,251.26884449060267,3,167,6
331.75245620222154,251.29288450633825,3,168,1
300.4157309333757,252.93595374203065,3,169,3
304.1994446397794,251.93761089805355,3,170,5
305.0528252537283,249.48699377277276,3,171,2
307.2880557362108,253.48239364497994,3,172,4
313.51979428272955,250.51840186173504,3,173,5
323.7263745219599,251.71348699704458,3,174,6
309.3760638611381,250.67376863327354,3,175,4
304.3642726142566,254.62014921743884,3,176,1
333.51092685361823,250.77873137087903,3,177,5
329.2039740669802,251.17894725930267,3,178,3
317.71905563628457,257.2584243675754,3,179,4
304.93118524408004,252.3351795556094,3,180,6
304.8316476474738,255.52559389385948,3,181,6
327.5783223479629,255.32607835267038,3,182,3
317.889838381351,252.1568122343291,3,183,5
323.85789937662054,256.4562914865522,3,184,3
308.6687997041725,257.0372132044839,3,185,2
317.236588646968,249.4051417000318,3,186,1
321.0645315606741,257.1045744887717,3,187,2
316.8061240434479,252.8881391886223,3,188,5
318.94215813810774,251.57499803754862,3,189,5
318.17271654097055,256.1522661801098,3,190,2
322.9419567359348,256.14884359577803,3,191,1
316.5211024383276,254.7846584952589,3,192,5
331.68815538287595,253.71321160366242,3,193,5
312.4607343261467,253.75794292529974,3,194,5
300.90397173311965,253.655317985798,3,195,1
333.85701668113563,248.1422135154773,3,196,6
324.8051216107304,255.4420042985989,3,197,1
310.3250287761181,252.11292911854005,3,198,3
329.5234206549238,249.64238408496954,3,199,1
314.1465589660089,251.75212640400832,3,200,6
304.57379906689056,253.95820778401563,3,201,6
314.0898344912244,255.53335867146617,3,202,5
312.83115537206254,249.15810852523538,3,203,4
309.1335556632705,257.63659627655153,3,204,1
336.1115083759801,253.30931641696867,3,205,2
302.75638041360986,252.37277713289222,3,206,6
323.66773485212343,252.3462226810057,3,207,6
315.2235846843754,254.80059105469115,3,208,3
330.70723969780425,248.77569033099562,3,209,2
326.4943619345214,250.5784440468105,3,210,1
316.9512350697907,249.1038810014384,3,211,1
323.94420392063716,250.16481211934283,3,212,4
333.9250527251634,256.0882917429494,3,213,6
324.5904703798864,250.20510281988155,3,214,2
321.6936737222232,249.419577382628,3,215,2
309.43036940574143,253.3723453084153,3,216,2
311.93224707296224,255.22438643822613,3,217,1
312.21946169120275,256.5977951098371,3,218,6
305.54774112635505,250.0235976035506,3,219,4
322.745641361969,249.15248214208006,3,220,4
316.2105626522045,248.7562660377077,3,221,3
333.8699240354386,248.97895958501766,3,222,5
310.3050948574245,256.9285023886434,3,223,2
315.1453913165568,253.74060730948077,3,224,5
321.27166106795124,250.06599157554112,3,225,2
306.61007302449775,256.0458197331449,3,226,2
317.026410948762,254.03731491249752,3,227,2
311.1535410034066,252.11820496430428,3,228,4
304.21274012845964,249.58607936345769,3,229,4
310.4990415774332,255.51781109910905,3,230,6
314.2969132431705,254.56734318864983,3,231,2
335.4357030431776,250.28206200933542,3,232,3
315.59649901607645,255.05704780982512,3,233,5
317.22905463138414,256.66312815076446,3,234,3
317.29382934512705,248.79627962626626,3,235,2
332.51148612920315,254.13178527007247,3,236,3
300.00395451010854,248.7823067892194,3,237,2
326.4202434196519,256.00970000105093,3,238,1
330.653221395563,255.92793755331655,3,239,4
315.40862223903525,253.75641871043612,3,240,1
309.49250761677126,256.08385664434394,3,241,4
332.95375462032314,252.9327002721188,3,242,6
307.8047135062744,255.46744347343224,3,243,3
329.8964837556401,251.79612976843265,3,244,2
335.11576896943865,254.83567873480567,3,245,6
303.4998966262421,253.83873180549136,3,246,3
305.336131835093,250.55811851037873,3,247,6
307.61214229232354,250.50814331920816,3,248,6
315.4381376799074,254.70782588480392,3,249,4
322.5210711780944,250.4327147179564,3,250,6
299.84146638015244,249.61194378544582,3,251,6
331.887948692582,254.11480453946882,3,252,1
299.79943941226543,250.61811426887118,3,253,5
304.49750046673614,249.67603678374243,3,254,2
322.89014434841425,251.9922039566938,3,255,4
311.41174891864193,255.87767491807458,3,256,4
312.01980146400615,249.3790121908865,3,257,2
332.36398595532734,255.53591029128725,3,258,5
315.1614009774615,251.96266933057058,3,259,4
304.4157929413273,253.1606983736111,3,260,3
306.9745237526634,252.9527914517063,3,261,1
308.4621891220172,253.030696243282,3,262,4
300.7795123012723,253.51759072154465,3,263,2
309.2967548706541,254.2131128569974,3,264,6
308.45034113522865,251.2988007496923,3,265,2
331.8753922539343,251.90532640126776,3,266,6
316.0679552374358,248.74957044910659,3,267,5
326.5464682787562,255.70016197507599,3,268,5
331.9021157731742,255.60473133014386,3,269,4
301.04683144979094,255.41862837812982,3,270,4
322.7482985809194,250.56303233317072,3,271,1
314.7649455036402,256.04887415334866,3,272,5
333.2714259960858,250.5435155344188,3,273,1
312.45429469364376,254.59817838980644,3,274,3
306.423174886135,248.8418724653641,3,275,3
327.44689823440694,251.00661301089127,3,276,5
310.41954300262046,251.669803747076,3,277,2
305.0784383019955,257.57133352403343,3,278,3
302.5217119688279,252.71269674842065,3,279,6
302.4972838858929,257.6703193587732,3,280,4
320.8554635550402,254.91409543835871,3,281,2
315.08765159064967,252.3313772663698,3,282,3
330.10132835174625,249.75488977276422,3,283,2
309.1596769258156,250.81849564211385,3,284,4
307.601900752385,257.8180653028434,3,285,3
328.3805272065949,250.05556610026352,3,286,3
334.18839557376657,251.94245019252241,3,287,5
335.6199532249101,250.13430017776966,3,288,6
334.8053182259924,252.40325482067203,3,289,4
325.6499057442628,250.96192571545996,3,290,5
334.9888362340595,248.28243828553965,3,291,2
319.67698202403574,253.33446269704544,3,292,6
307.7576067059228,251.76736008063156,3,293,5
317.98098965626366,253.17864201734463,3,294,6
328.87357604292646,250.56682467451864,3,295,5
329.0901621709022,248.30965885300196,3,296,2
336.33095455903697,247.88712959924163,3,297,1
329.06371646946525,253.28034538955086,3,298,4
331.36332073406095,250.2009495694822,3,299,3
309.4041279671651,250.7297594574995,3,300,6
314.93356883815136,257.20363008490347,3,301,4
324.50963981319774,250.08179573160038,3,302,3
329.1492770300659,254.87027240744737,3,303,2
333.61857186480097,255.28340029593878,3,304,2
312.06549997121317,254.33694396734916,3,305,6
333.11901514684087,254.32780757472938,3,306,6
322.67022929398985,249.72485739922237,3,307,6
310.14936536846074,250.84581265875204,3,308,4
324.05261615249884,256.8516026745969,3,309,4
319.6421100746713,253.11703334012194,3,310,3
306.7653595508362,250.28057647774872,3,311,1
331.6760857034412,249.278376303793,3,312,6
301.2778683421429,255.57686935416982,3,313,1
333.81995239214893,248.41428976374203,3,314,6
329.2199527471242,256.12015226726845,3,315,2
310.65050540881293,252.3132790018569,3,316,6
336.12222739036645,251.9500137176513,3,317,5
303.01587779115835,256.484115291333,3,318,3
330.9478315839828,249.06687018454855,3,319,3
299.97075057432124,254.34654570154223,3,320,6
312.55211907366174,251.10568124529217,3,321,1
316.94297676905694,251.50507951553692,3,322,3
332.3056328294737,252.15321321821136,3,323,5
315.88688998167447,253.83016462691268,3,324,1
310.2448060514924,257.2444529984718,3,325,5
311.97433595963724,251.51913953872605,3,326,6
323.2752294457974,248.8686698580332,3,327,5
328.15201374819975,253.27190350761634,3,328,3
305.44938755929064,255.39188449392273,3,329,1
328.5973235966375,248.59029598695017,3,330,3
324.912110986497,250.33322745846104,3,331,1
321.26212992069503,251.90417811735406,3,332,1
299.7922590247381,254.2998309593665,3,333,4
310.37074931008425,249.1294529613861,3,334,3
307.30032456133694,252.7011017688445,3,335,4
316.4294228188971,250.863565678039,3,336,3
307.23867104244493,253.10001312666984,3,337,6
322.74959255215106,251.43535981842493,3,338,6
319.35750298328736,253.85849026193486,3,339,4
315.41583164170686,255.28206450819917,3,340,3
319.70450365498704,254.26944345766333,3,341,2
323.9212864520305,249.08379621866692,3,342,6
300.95403110488803,250.46610907925182,3,343,4
303.4254044822369,254.7110175670229,3,344,2
331.0889553556112,249.6019558737488,3,345,3
333.54353892272474,252.65801727284696,3,346,5
322.64316612719654,248.47571829843983,3,347,6
310.47977332319437,252.11141272255142,3,348,4
300.1427108865968,253.81498746373705,3,349,5
305.71481957583177,249.93768257380646,3,350,1
322.84734078228746,249.03507109549096,3,351,6
334.2581025096767,252.5209197286764,3,352,3
314.62294779210583,249.18466281673219,3,353,1
331.8296483474099,248.94748645756377,3,354,6
324.73809972078584,250.87782305503544,3,355,1
321.53475330455825,248.35484296498228,3,356,4
306.5955956697074,256.8035011500213,3,357,4
314.4640058803285,250.2926234215435,3,358,3
311.1062951104584,257.2689527634554,3,359,6
325.7925946624968,251.98521460178466,3,360,2
303.38195769790417,253.47248067299762,3,361,5
311.3219337650185,249.75609402247855,3,362,2
323.91756487281583,249.93544704047682,3,363,4
300.9014019794362,249.47410861809036,3,364,1
300.02735165327164,251.55706783099927,3,365,6
326.21318148764476,254.87809507537654,3,366,4
335.33423950809555,248.59547846471108,3,367,6
334.6316219172445,255.918860067764,3,368,3
318.81927206684725,251.31670936517082,3,369,1
313.6089533574379,251.4577972092625,3,370,4
309.9063728132403,253.82507845286233,3,371,2
371.6936736148362,222.11516568002838,4,0,2
353.53689248261276,223.18262950481483,4,1,1
355.64715672780943,223.11505207308025,4,2,6
358.4160402172041,223.28804021828952,4,3,5
359.30172199371765,221.9830331754028,4,4,3
355.762659617213,222.28308594284965,4,5,1
362.07626646859484,220.25620397769237,4,6,3
380.55818348901727,222.34168472647772,4,7,6
366.28129781548085,218.72639992602592,4,8,6
353.30524605583634,224.42329816805187,4,9,4
368.6112623027741,216.42020613417003,4,10,3
380.27597998941695,215.4432914500184,4,11,6
363.4210243074156,219.75335002345997,4,12,2
360.82882628605546,221.97266003154078,4,13,5
352.6918473188128,217.85737762620005,4,14,2
361.31759526734356,215.65659553974822,4,15,4
353.7305812754577,224.39446355517111,4,16,4
371.7910814294977,221.17399570943797,4,17,6
369.0770992525491,222.86828930447922,4,18,3
353.01649336316007,216.11244989184578,4,19,3
354.1719201446253,217.11089533179174,4,20,2
367.4041722670547,215.14167872294877,4,21,3
349.10037805624074,224.22783599845823,4,22,5
362.90091217127946,217.74763108708026,4,23,6
350.4625755411424,214.76242786680473,4,24,3
362.11304624606754,221.23808026840288,4,25,5
368.965866673983,219.88547676980414,4,26,1
370.1528360725754,222.25090819373386,4,27,6
358.065859378748,220.48785590022322,4,28,5
364.58140686242695,219.73222864371618,4,29,6
363.5558478690592,214.98246143083384,4,30,2
382.35127969825817,215.60176607890352,4,31,3
371.7826902305987,223.74928973309832,4,32,5
383.19693298155784,219.7831127273243,4,33,5
369.12747948217196,215.99387998076924,4,34,3
379.21712050791365,218.79084404515135,4,35,2
365.0508591048205,220.67244326674927,4,36,6
377.8749656546307,215.24554153426232,4,37,4
372.51003090535716,223.61656657334782,4,38,6
354.113581552947,218.01447005464746,4,39,6
351.6800509580616,219.22784024732263,4,40,3
368.72847642825747,222.13246741416233,4,41,6
364.8275481786039,216.00600980393128,4,42,4
354.24161999588324,217.5749883261935,4,43,1
353.05096416446287,221.25251460985803,4,44,5
379.2648176090955,217.79714395791584,4,45,5
370.3384552973945,220.0587881384138,4,46,2
368.94304559316384,222.1081239053542,4,47,2
372.6502428404504,219.65471716173167,4,48,3
379.3183257759954,219.85582942591023,4,49,1
357.6436160047532,223.7969306081604,4,50,3
361.86651916705034,215.62788278146496,4,51,1
365.11035476103626,215.75054659104896,4,52,2
350.87774938877595,220.20368127740193,4,53,4
353.5561384125644,222.3094047729628,4,54,3
354.6917943214834,219.35478350985707,4,55,1
354.1575953499569,221.85237480351938,4,56,2
362.0569532339399,219.51826831301838,4,57,3
368.10554139506485,219.4630682451417,4,58,4
379.0946665595475,218.05583629405407,4,59,1
364.8570923838374,215.96020523215196,4,60,4
371.0230488248078,219.71535452623337,4,61,1
375.78519755352534,216.28020108673988,4,62,2
370.0613860971353,220.491842136343,4,63,2
357.0875857092793,216.0516854306807,4,64,5
374.4654279591833,222.05879716074753,4,65,2
361.8077603021007,222.33180007946902,4,66,1
356.60535471298135,214.88090448475938,4,67,3
353.176620066371,218.9201868945847,4,68,6
372.2299783053628,221.2444637409679,4,69,6
367.38067003078385,215.81666408099755,4,70,5
349.14806904236866,218.32162444740945,4,71,1
380.9618511340715,222.96665444201506,4,72,5
364.2443685816036,220.16741002847832,4,73,5
352.6168893675945,224.22886853382067,4,74,6
367.7832986532311,217.77704916035339,4,75,4
355.4183607381877,222.47597423293905,4,76,4
353.61776314936014,222.91460386092888,4,77,6
366.0854382209394,221.0120498921289,4,78,5
351.10910342355686,220.0671550880935,4,79,1
364.9813385016629,222.58357994352252,4,80,3
356.9004399953516,219.975421438762,4,81,2
366.0771045071835,218.86928108871288,4,82,4
367.35901518369593,218.77942935369856,4,83,6
376.24816147774237,217.90514819677344,4,84,3
370.9329674611897,216.62692445586933,4,85,6
371.0779985774526,224.1953630235319,4,86,4
356.7726766056648,222.31529960470326,4,87,6
358.6735947884775,214.9235868581645,4,88,2
365.5271405149592,215.0806566317409,4,89,5
361.83318084586824,223.3152064088501,4,90,6
365.36414791258176,222.93366236605905,4,91,5
376.6471315309741,219.83365715718992,4,92,6
377.05186170968767,221.44818726552688,4,93,5
349.3717297076214,215.46924797025582,4,94,3
377.7847904487297,219.9067012982314,4,95,5
371.2314990280988,222.30451808467362,4,96,6
356.1334727507553,217.63789895517723,4,97,2
382.33768829984723,220.29499905474637,4,98,3
350.18259519500543,221.0578613274625,4,99,3
371.30639639152935,219.72859035036788,4,100,6
356.4606263091374,217.90652059090618,4,101,4
365.93142856535366,221.91969062642914,4,102,3
366.75503862085895,221.55996604535923,4,103,6
363.0679190216477,222.4790148072653,4,104,4
370.00289134106185,222.7784862231961,4,105,5
380.4142841808198,224.06093888937113,4,106,4
357.14368906065624,222.43339544690244,4,107,2
364.05173284299855,219.11396833802522,4,108,5
382.54605865601155,223.51857174033526,4,109,2
373.9604253949859,220.4505922226417,4,110,1
364.4689880699202,220.291780119986,4,111,6
371.56445893551864,215.55233821178527,4,112,1
368.23471006522607,221.4317197382133,4,113,3
368.87857889450186,217.9046055728775,4,114,6
377.1358824781617,221.95992157646253,4,115,6
365.81482478425306,223.19290542080176,4,116,4
379.4001225110803,219.08207030551034,4,117,1
348.77629266240075,216.32161059666277,4,118,6
380.1831703956135,224.28468595419707,4,119,6
373.40693981292577,216.7618519448959,4,120,5
376.28731009663574,220.14588563988204,4,121,4
365.2979979145721,223.7484313392919,4,122,2
381.1644308950911,221.47068059676397,4,123,4
374.75584228760454,216.90283113191035,4,124,2
350.10042799410405,220.5200616551701,4,125,6
373.7709118976157,222.55006862755735,4,126,3
381.40624956585253,224.12595160245309,4,127,2
374.96295963306693,223.0476052965048,4,128,6
349.81932458821956,217.74794046024803,4,129,6
367.76162989787264,215.25173166154488,4,130,4
371.5160844862292,220.47414985511423,4,131,2
375.8919369034887,221.0983326083248,4,132,1
351.25012247371524,219.49680751631254,4,133,3
357.2376535242738,221.95196154393648,4,134,2
353.5169867078793,220.6617599602704,4,135,1
355.81509822117204,223.7756568473697,4,136,6
383.25626553543464,217.6279524747922,4,137,3
374.7047839073043,223.71745415480004,4,138,2
360.2357457741886,222.60260793712123,4,139,5
367.55074353838205,220.16264252267783,4,140,1
365.4956974099015,216.17018831927177,4,141,6
376.35912386003395,218.79549220567168,4,142,4
354.2233827059468,220.80510468098723,4,143,3
354.059538059116,217.911284845481,4,144,5
370.3188765542109,220.1638045965541,4,145,6
382.095313255088,222.58868646930816,4,146,1
374.3895820560095,216.20380655314133,4,147,5
356.40481627798914,222.7283861205095,4,148,4
349.9752697741133,215.43696229416312,4,149,1
379.7931962775415,217.13041782971595,4,150,4
348.9752287064411,222.18690221180194,4,151,1
358.544176564826,220.64706747107962,4,152,1
370.75680013681875,220.7702459606868,4,153,5
361.5636974607427,219.50922603316863,4,154,5
376.05530034670636,216.09026885600815,4,155,5
349.531081436472,219.66743654139168,4,156,1
380.54423432924267,221.26202886248535,4,157,1
350.9266627570372,216.49210014747084,4,158,6
359.4825409549049,219.73696293854297,4,159,3
352.2839414389528,224.1274500369051,4,160,3
379.47493650789954,217.276168049886,4,161,4
350.4474746614541,215.37778872390842,4,162,4
383.0599609910521,219.72769636198657,4,163,2
365.15915455393866,224.211690958073,4,164,6
349.2078423839261,221.69908166989066,4,165,1
365.7212115363872,222.40610567382296,4,166,6
355.24829930462505,217.2354778463379,4,167,5
353.0680882553008,215.59512126129727,4,168,4
356.36619628489916,223.29572140901377,4,169,1
374.9552634988077,220.24095794126973,4,170,4
351.25515292633577,219.48832790395576,4,171,3
349.89425022079917,220.78772035290817,4,172,1
352.6682287729723,222.10238231567243,4,173,4
357.23151011257823,224.30257109541157,4,174,2
358.83719318427393,221.89215224776007,4,175,2
363.41981407366023,220.16215182751722,4,176,6
372.9744303395378,219.0529356440602,4,177,5
356.33704202975827,221.0929844804218,4,178,4
355.8612872764271,222.7901406833378,4,179,1
357.1299005630891,220.443591230488,4,180,4
349.216126251104,215.253362384221,4,181,4
365.73407350859,218.4110528363509,4,182,4
369.9897028614865,218.5535870548565,4,183,6
366.08742741731425,224.03181243336135,4,184,3
355.10350373118985,218.02574948671227,4,185,1
353.5139914999319,218.72575481092966,4,186,4
364.3284642304983,222.55709380087114,4,187,1
365.48645712546016,223.71488999355088,4,188,5
354.6131763101666,221.65085898236384,4,189,2
355.2386063509231,220.43236904875292,4,190,6
376.3026383446281,216.152400487059,4,191,6
360.1684008418649,218.03003932903223,4,192,4
361.1057606381259,221.07529027893003,4,193,1
380.59969549185416,219.86281722460035,4,194,1
349.5949775293942,222.15552951035687,4,195,3
361.9949939889726,220.2964709258523,4,196,2
354.7526147911387,222.40394649433574,4,197,4
371.661089082506,220.24255560208258,4,198,2
382.9954806568952,217.4744809401146,4,199,1
371.67622097042533,217.61386620868623,4,200,4
366.20252306213,222.06345526672706,4,201,6
383.62347138803733,219.51477069646813,4,202,5
372.0374596642126,215.54234364378425,4,203,5
364.14245783469653,222.43403678969705,4,204,2
360.8094680894756,221.51950145415333,4,205,4
367.3061325099158,220.99412712228187,4,206,4
350.48040444710506,220.0682408113909,4,207,2
356.9106485294734,214.86492829448008,4,208,2
366.3012902978338,224.21766230542866,4,209,1
353.8356656091125,217.39546509628371,4,210,1
368.18055638185695,221.56569445179147,4,211,1
374.2593636579304,219.71840496638788,4,212,5
351.2526567630593,220.6471283254835,4,213,5
372.0142331963326,217.59241762765842,4,214,3
382.908293447956,222.9095673060971,4,215,4
364.8361322268652,218.37527440647332,4,216,4
375.2562947776207,222.2653069083458,4,217,1
360.7684623119584,221.63844242139956,4,218,6
350.2279705008093,217.9539333139222,4,219,3
353.8538110058473,220.29390148662236,4,220,2
356.9255664003339,223.2524297633872,4,221,1
380.6543744325521,217.14403472893267,4,222,6
370.0828126378068,221.6244933553001,4,223,1
349.8777804749318,218.05061340652364,4,224,2
361.198675275707,221.67520630542438,4,225,3
362.13410168831246,216.14581309109016,4,226,5
380.14026785611276,219.13479068351145,4,227,6
357.08429758670405,221.88331816191774,4,228,4
363.30917422849313,222.06325697171943,4,229,4
360.7984040418111,222.5516389045658,4,230,4
378.0726090784383,221.04948994573562,4,231,1
378.27204888640324,221.68261115558474,4,232,5
367.5688545727609,223.02069639578252,4,233,6
369.2074390130791,218.43483559495414,4,234,1
350.9603460068111,222.6855398066846,4,235,2
352.76069332505244,221.3747390223982,4,236,6
356.913398101494,221.82670519885025,4,237,3
376.9335317763021,217.54786852841602,4,238,1
359.45953886137676,218.0638380349344,4,239,3
381.96165130943155,215.73796858327222,4,240,5
379.16620181636387,218.28873435349237,4,241,4
366.88040125797363,222.1781495427923,4,242,5
370.0157127676985,220.1598358954942,4,243,5
382.67700454440126,223.4649809130989,4,244,4
372.8573164748507,216.0360740815943,4,245,1
361.87711029045903,220.74749373657932,4,246,5
362.4563303749374,215.15505168362964,4,247,5
357.7960373441236,221.28862442056533,4,248,4
353.6657795537383,220.75906124606664,4,249,1
356.04842835367526,223.1196284691482,4,250,5
352.1241732009561,224.39111293828756,4,251,5
369.2886648137377,218.6671808369687,4,252,4
368.0763433706432,219.70108573937515,4,253,6
379.1910759430455,217.980605535997,4,254,1
352.54585926817293,223.08375338162023,4,255,1
362.64946144325967,223.464071424907,4,256,2
359.0165839483412,223.15655355023085,4,257,1
362.84378952052555,222.8657093580526,4,258,4
376.15590797939063,219.14186063517462,4,259,2
357.50166304024424,216.31476236505105,4,260,3
356.89312016399646,215.34121673781496,4,261,5
365.2758693741363,220.80941686574667,4,262,4
378.1845482144175,224.2340593378741,4,263,5
360.4677182047587,219.88487305592935,4,264,6
363.6481215817478,217.8138049918867,4,265,4
374.7429135561778,224.03749505937796,4,266,4
382.7567486825562,222.30474355273543,4,267,1
355.36428456395566,220.1329773891819,4,268,3
377.51056613187194,216.83988861589955,4,269,3
360.05325916072746,218.4716606318018,4,270,1
359.4447527462786,219.6304082505336,4,271,1
362.5519193046774,221.80173996422897,4,272,4
353.9234005917574,223.97047315425414,4,273,4
373.05963139142386,219.3473582674628,4,274,6
374.4509275278153,222.25088736980987,4,275,5
369.6716451226145,221.81933000258485,4,276,1
365.2590545252788,216.1310235309356,4,277,2
377.57084802175746,216.96661798417657,4,278,1
363.9839021496439,223.7297854887557,4,279,2
371.9292634124158,224.3236586314306,4,280,6
364.1034132873028,220.28587690299855,4,281,5
351.47156965806244,221.69806572375128,4,282,2
355.868426329863,223.88306789438653,4,283,6
380.616921372955,216.8526774450609,4,284,5
382.2551217943046,215.38473266612598,4,285,5
355.4161577587239,218.92435441714724,4,286,5
362.3633861623503,223.37631392739195,4,287,4
357.0015116126243,222.07436013647924,4,288,1
375.2301575580151,221.4597252812159,4,289,4
375.8890097195883,221.23139765447115,4,290,4
361.9130540389048,222.6074917542083,4,291,2
357.83117833412695,221.50799289079612,4,292,5
372.9569942431917,222.2124374348585,4,293,3
366.5632437466837,216.64909365134213,4,294,3
348.4382753086226,217.5962535604768,4,295,1
365.90903408045455,217.62259969527716,4,296,2
359.4401343295856,215.86970898273879,4,297,5
376.99504519706164,219.2918530863205,4,298,5
357.65289578035504,218.63231379878914,4,299,5
350.56586738911784,219.8034445926232,4,300,3
349.07709367519965,222.13432074376547,4,301,3
372.35027618084285,223.61107795997785,4,302,1
368.956182888065,223.7478510151178,4,303,1
369.25130002367695,217.02465318403674,4,304,4
354.62031153343287,219.3914192573353,4,305,3
354.50498092837177,222.08558941920225,4,306,5
357.47193716826644,220.2817842988993,4,307,2
382.5827176333815,218.01041679412992,4,308,6
371.33116363938643,218.92601709643725,4,309,6
369.92746490846343,221.769533812362,4,310,1
357.3201474905916,223.65643409275705,4,311,2
378.7183488183776,215.69705319357234,4,312,2
369.64138556817335,220.13941631886755,4,313,4
357.3036653492766,223.33672429459796,4,314,3
354.99392663702895,217.8752169912192,4,315,5
366.1365745726333,216.62611181507572,4,316,1
378.1958460361829,217.3122171756825,4,317,1
351.66109564993957,223.99200295902833,4,318,3
383.97194471736805,218.09749612676015,4,319,3
376.8909096721912,220.8185931726054,4,320,1
369.9871365391075,224.1536579151383,4,321,3
368.4115739091431,217.19244604769182,4,322,5
376.9516875108616,218.08951845910465,4,323,6
369.96258391968354,217.11273061522488,4,324,2
375.9776558136338,223.92492446052935,4,325,6
373.35461382803373,219.01563127809334,4,326,5
356.793866465459,215.6008239143157,4,327,4
378.94187189007033,216.42465959898968,4,328,1
361.99124643001306,223.21655851411685,4,329,2
368.06068994366626,223.71454864997614,4,330,2
350.4020852630905,218.73940642535715,4,331,1
363.2193563901055,223.38445078656832,4,332,6
352.09871979905853,217.17344882557978,4,333,2
348.95749346444205,221.447720800769,4,334,6
367.68347307641596,223.03396923361012,4,335,5
357.78525989485996,223.44366681476097,4,336,5
354.34154480997296,220.93804457185698,4,337,2
354.3837207567246,219.09497514726857,4,338,4
358.073592577937,218.2604019892055,4,339,4
376.22833115217867,216.50763008317864,4,340,4
349.42741702571846,223.3939599556165,4,341,6
209.59816498994553,149.08870054756585,5,0,5
188.25378536504604,134.72175024201817,5,1,4
203.54162056976418,136.51149706226587,5,2,1
202.94519045806527,150.86570688635413,5,3,2
205.6102034152253,150.2330379817239,5,4,2
179.50339368134448,153.23404201972693,5,5,2
190.15747244134158,150.91953590030218,5,6,1
174.44616909859587,124.25143112992629,5,7,3
194.3261207497198,145.74785589891394,5,8,2
200.23179857063923,136.32002323201297,5,9,4
203.82889186949794,143.0083212122467,5,10,1
172.45040422583938,124.62964099621445,5,11,5
192.24391337381437,145.42417513316727,5,12,6
192.9725927773422,150.029983191925,5,13,4
196.07007261979345,135.431930195319,5,14,6
195.91972140672536,129.90152951502688,5,15,1
189.5006690021297,153.00103863239886,5,16,5
210.2915028620349,152.2119839103355,5,17,5
190.8260655253923,137.53246749485638,5,18,5
174.28625049281175,124.12026713903624,5,19,3
171.2438377834476,133.497615184551,5,20,2
197.17052860656815,150.4278949930776,5,21,1
183.45749823930095,131.53350012302928,5,22,5
203.46001172636846,145.1676710904406,5,23,5
206.76883287843378,150.7174590157996,5,24,3
201.64913904305797,126.93850312037692,5,25,4
197.50013791845646,141.0287347954132,5,26,4
166.47325875813405,124.14573538416624,5,27,5
172.5226157389551,130.36764170775993,5,28,2
171.5610246690096,125.72475275139197,5,29,6
202.839733874341,156.25402986318937,5,30,5
192.0454607384424,154.53208674198524,5,31,2
175.52340781027797,146.93605327988894,5,32,5
187.7144123979021,152.56561322578068,5,33,6
186.86380503531015,131.64831731914452,5,34,2
194.6376382745741,134.98520304849,5,35,3
188.68368866356045,157.77089873474318,5,36,2
174.1474058764895,134.89381741484954,5,37,1
199.18349197484616,124.98136761771815,5,38,4
200.07378812690834,147.59830464822244,5,39,6
184.56378167345306,157.61106645521244,5,40,3
173.50405131222442,143.2774483940795,5,41,3
208.5526660723135,139.1028461322724,5,42,3
174.969450242667,136.76330244260123,5,43,3
182.61552657104227,146.04399182869832,5,44,1
199.0509506779984,133.16055149862677,5,45,3
169.09029729803387,133.57091165651508,5,46,4
201.54491764229448,134.36532933468362,5,47,5
194.82481126871846,138.2175171097498,5,48,4
204.889865528186,135.1662327056515,5,49,5
188.96072480021766,156.90019294311455,5,50,6
180.98638749462194,129.28824387090842,5,51,1
177.75846244533676,143.48788159847427,5,52,5
177.2501750872256,150.96363842950362,5,53,1
200.93105469854012,150.7461749079555,5,54,4
193.02572025705965,145.09931926126438,5,55,1
206.36529474226361,149.0015284038562,5,56,3
203.1838685791923,156.6543793360947,5,57,6
189.78462038628163,136.81096457108885,5,58,2
201.88227505484764,154.37755653777143,5,59,6
176.66022683553956,131.00358233373257,5,60,2
164.60200310370476,125.13391430451806,5,61,4
177.04681440982625,151.0616869113776,5,62,2
182.6418508569593,128.2206068854464,5,63,4
188.94525301952484,126.45991991325863,5,64,3
177.1517728177555,137.56176002175522,5,65,4
190.54967991608305,134.01205225680758,5,66,2
198.88787287274045,155.8351337297331,5,67,3
174.191725169308,126.62851010862686,5,68,5
204.78497095915125,155.2383839581198,5,69,3
194.82651812896887,127.15766551520942,5,70,5
191.20207011457427,146.30426692354655,5,71,6
189.25600955397508,150.7217423588441,5,72,5
197.24547690275259,127.21047845695001,5,73,1
200.35188216976925,125.52217742997534,5,74,5
180.8154447766553,152.87863649503748,5,75,6
187.24869779954233,133.87396805835547,5,76,5
186.83047572278755,137.96305697852048,5,77,5
191.95394286053283,151.96500182853438,5,78,1
188.09087739378555,151.45866407970203,5,79,4
200.13783360584554,156.21299760259103,5,80,2
206.98492912723037,139.64860020732456,5,81,2
199.00875274109623,147.87813502724057,5,82,4
178.180524678107,126.04385903128961,5,83,2
182.9640111580691,155.04674508930867,5,84,5
164.18889618571927,132.3010385648856,5,85,2
193.449104376352,125.33211958448538,5,86,1
193.36268220195825,148.64035940024525,5,87,3
206.08032497598913,135.74098701084657,5,88,5
179.13321486484523,134.84456204264762,5,89,4
199.37053053372495,142.51384851410083,5,90,1
174.59129629346097,145.41133390651007,5,91,1
188.59923200204406,145.04672941847133,5,92,1
193.4987092845312,134.29265261123209,5,93,1
200.7344174004796,135.64505191555884,5,94,5
204.78214401044676,130.7095695515639,5,95,3
166.70079255314621,126.1302364842773,5,96,3
187.41339010831268,135.60862186066308,5,97,4
205.71625397655913,146.78090430238308,5,98,1
167.43621779591422,125.31840396724888,5,99,5
199.41767223316504,146.23984342351457,5,100,6
199.52098016848305,144.12205070920044,5,101,4
186.5760584416505,150.5806863336296,5,102,4
163.08361462878244,131.00997114506742,5,103,3
199.45470569036272,131.10195350068466,5,104,1
189.60228573023366,158.12703264622905,5,105,6
184.82697298262082,136.65512809075585,5,106,6
172.88126870447408,139.766302052255,5,107,2
211.64219056806567,156.00482743639805,5,108,2
171.2757821171922,129.91132346590615,5,109,1
207.05274073232212,147.04454486284143,5,110,4
179.66981699779066,135.86533222347242,5,111,3
185.91514165221827,132.96009326876404,5,112,4
199.3884708867946,134.7161658283132,5,113,5
166.51698741153103,131.52468315149602,5,114,4
199.52102720971678,148.5824468383454,5,115,3
200.5244744804012,124.56046359198682,5,116,3
203.85545276254027,124.9540121531636,5,117,4
168.2915956356017,137.70280552577248,5,118,5
190.54071756559634,133.78447234553258,5,119,4
186.67443100911356,144.0424332172451,5,120,6
203.54776615889836,155.65596712559608,5,121,5
205.66151077768103,155.95465202444612,5,122,2
188.17243454527878,132.03719130866412,5,123,3
199.91041611491332,146.89859759261049,5,124,1
164.4282915098628,133.35859520829044,5,125,5
193.1625103919617,134.90644801250116,5,126,2
199.14869490580307,140.89751515876614,5,127,3
204.23986758653075,125.27820988917186,5,128,4
204.81317506469264,142.66668946073122,5,129,4
178.44410542220348,140.05036847664843,5,130,1
172.74502501232917,124.53495059553414,5,131,1
180.3690266680951,141.4272438932412,5,132,3
186.07260281482678,133.27721728697875,5,133,2
203.76517594314953,137.66561750851065,5,134,4
176.59973977118293,133.54168731948664,5,135,4
174.6968776526692,144.84604864427618,5,136,5
206.11975768818542,150.27812872287976,5,137,2
195.17503947812847,133.49864724868314,5,138,4
210.9163374053523,153.89827008432607,5,139,6
207.01606836934022,141.30731909051198,5,140,2
189.95314369262223,155.16030126059667,5,141,5
193.58205120147105,125.4002778540515,5,142,4
191.56880076845022,149.68215284161897,5,143,1
201.0621856032837,139.89767841869144,5,144,5
195.22803629212711,141.87157144290623,5,145,5
190.58786838714445,144.92003270008857,5,146,4
182.69549074239453,143.72452177012946,5,147,3
166.8528003283472,125.86111779694393,5,148,2
164.73989056198715,133.25983110359226,5,149,2
195.57475491630137,150.50704130408587,5,150,3
194.37367926274712,143.3694496130769,5,151,2
180.9880621220424,124.85693975390355,5,152,6
173.5983149457313,126.53191158526958,5,153,6
197.42496638215823,149.83134426885516,5,154,3
202.7566069288129,142.2831907596881,5,155,2
187.58789665619702,135.77690189219007,5,156,4
197.60874695283323,130.06942559408793,5,157,2
168.05016431870652,129.88216306629508,5,158,1
189.12905851421337,127.00759876849155,5,159,1
167.43218283593507,127.70078979763801,5,160,4
175.34143515979943,127.01383625933323,5,161,2
208.52607085070497,138.70000800700458,5,162,4
201.96813613610198,150.5318781368712,5,163,6
187.15435847011804,126.58321488037139,5,164,6
177.05274545336846,124.69339959486798,5,165,3
190.8768876665508,155.56003043273003,5,166,2
204.7726385609981,157.51555567227877,5,167,1
194.40737955727093,129.8065371591139,5,168,6
206.1228559029949,148.71492266114933,5,169,3
166.57272699444664,131.69631538988384,5,170,3
205.76014548491753,145.6569002764598,5,171,2
183.61323550864438,135.59719161083316,5,172,4
174.28419678231364,146.1738379587307,5,173,5
167.1346145668077,134.4535292419099,5,174,5
203.3766682185211,134.09183869876932,5,175,3
206.33978607245908,155.81811039176185,5,176,6
169.49912159533716,129.12990821751205,5,177,4
199.62920140479486,133.39738913776662,5,178,5
211.37582895402738,153.16096493688832,5,179,1
181.30980533919097,154.73791302657173,5,180,2
209.2241644503333,154.75641033556843,5,181,5
180.30607987777603,147.947578937718,5,182,5
198.51054762076024,129.14190325846496,5,183,2
182.915770453514,136.96783999566617,5,184,2
169.13406962102414,129.16682483382962,5,185,2
208.16016431916378,143.57021311648165,5,186,4
171.92898073379493,125.53068647312816,5,187,2
205.5471046509927,147.2635263057565,5,188,5
184.27016825045814,153.34511268440744,5,189,1
179.97054120932341,134.75899951547012,5,190,4
203.06565256826119,154.0070487700218,5,191,4
187.940202484715,147.3977142853179,5,192,2
188.6446331959479,130.50647205815184,5,193,2
180.78464440539054,124.51090067340779,5,194,1
203.0526319150337,151.85941724023692,5,195,1
182.68828585595185,141.47571078759992,5,196,6
168.64632591224483,128.42163116672162,5,197,6
182.19610015795374,142.23630361028665,5,198,6
202.58254526346676,147.6278088566282,5,199,1
210.24906130257943,147.91342503845425,5,200,1
166.92191462980045,127.74343941870845,5,201,5
188.08602895515708,139.7830761696146,5,202,4
200.7024841670627,147.69072395337216,5,203,5
183.90167694872005,131.15192935638802,5,204,3
188.02728088316994,131.58691151634966,5,205,5
184.12752373088617,158.00234139527106,5,206,6
184.65754326583598,127.32671182974825,5,207,6
190.74026361020975,155.1262237458865,5,208,5
194.85389878216702,125.51255361459029,5,209,3
178.59680439014605,133.1665527502706,5,210,4
187.27485881915928,124.61873995833265,5,211,4
173.28566180747407,143.83799029527674,5,212,2
179.18043451532483,129.25433710737778,5,213,2
190.34328846532375,149.24925565432287,5,214,6
183.28061575474905,143.70542529426086,5,215,1
180.28148386759213,154.01221842556117,5,216,2
189.71684469030492,153.0093583900408,5,217,1
180.44162092979525,140.57018516413825,5,218,1
188.65137506707845,143.31805842908707,5,219,5
204.1761920335898,144.05584235403728,5,220,2
175.37739474191545,136.78526432375872,5,221,3
183.6528052407578,151.74573376106753,5,222,6
178.20775144270692,131.56385348402725,5,223,3
195.9977135629152,124.66152431021622,5,224,6
171.92061071534766,129.4550792180773,5,225,4
197.26399317221913,131.6081085108676,5,226,2
179.24936091428123,145.59569251942403,5,227,5
199.07397449725914,157.09410264989373,5,228,5
204.37550427684198,133.3881185301334,5,229,6
196.50021417217897,124.51814634653316,5,230,4
167.35779737682003,134.48199993924578,5,231,5
205.39219967459627,154.69704662996224,5,232,6
184.23258129251326,153.38290943221315,5,233,3
193.0595087017951,128.93813497205747,5,234,1
172.35668731465447,143.44271294157758,5,235,5
192.5221087544144,130.17901924393973,5,236,6
185.73535198659656,131.79371409933614,5,237,3
210.1663976988232,156.18334902070708,5,238,3
199.36550333729986,145.14969399817738,5,239,6
195.42860320618985,124.83013873596893,5,240,1
174.9360324187409,134.84071247705344,5,241,1
182.78563150905558,156.01464928965518,5,242,1
189.18373025655052,153.9840092983057,5,243,4
173.80097481439861,127.29300823417842,5,244,5
194.24304119636395,153.70752058979144,5,245,5
206.57781446812788,142.76580464743046,5,246,4
205.8492648480541,153.1363752427956,5,247,2
186.52367954863274,133.50943979434984,5,248,5
176.22694113921008,140.12608618542458,5,249,1
205.79603740871406,128.7732447050268,5,250,6
172.2428469806397,124.18045055224893,5,251,1
194.05016103207552,137.0659685434854,5,252,2
180.86388023952105,145.43271095492142,5,253,2
184.72872280459765,126.84837030612361,5,254,4
195.22055746823847,138.84890247171055,5,255,2
186.1083936682852,128.9867848097894,5,256,4
173.65098286726362,138.07613875923278,5,257,5
196.4014997308274,156.82924356826595,5,258,6
205.5171599859317,143.89937687125627,5,259,1
173.03602687953648,136.1878114351134,5,260,2
192.28305232712904,147.23888041820808,5,261,5
191.57414871024875,136.64999463922317,5,262,6
186.79464405985715,131.30188925379696,5,263,5
194.55543701841864,128.5790005095407,5,264,5
181.43369949081244,154.308407948195,5,265,3
196.27341792332965,135.91271393521802,5,266,5
171.36062182900557,136.47472252893348,5,267,6
206.71115030857817,129.51841571271797,5,268,2
181.33823665624809,124.55053039908331,5,269,5
196.54262590329603,143.38304547108152,5,270,4
194.8779363870674,155.0933344162886,5,271,2
204.79748398469053,152.39341785973716,5,272,5
195.85518534361057,151.45782019605878,5,273,4
192.7364406260005,154.25941322938525,5,274,4
194.5021572796822,136.27175173361934,5,275,6
206.57947476431627,140.99122605620542,5,276,5
180.67372356661792,131.71810986182254,5,277,5
208.43269824910152,144.74276832935783,5,278,3
172.9293213487117,135.31380323786593,5,279,1
195.99342308019334,126.08514044404474,5,280,5
194.7986340635196,137.6686730690665,5,281,6
164.22250203150995,129.23976105652525,5,282,2
174.31596306046535,146.05896868405137,5,283,1
181.20945152003515,133.07192944609943,5,284,5
193.6773798241176,146.9030254801301,5,285,6
171.50199442762724,125.24427533846803,5,286,5
190.18218573378533,144.75407995096066,5,287,5
170.7354011116685,134.28966718730777,5,288,2
207.0318068867774,151.6693606981849,5,289,2
174.6061759254416,124.00510842335787,5,290,5
206.25106951891237,145.12809330038195,5,291,4
178.68901575019265,153.2793656367863,5,292,1
185.3713069178861,153.2594148628208,5,293,3
198.97082048331248,147.47563279088064,5,294,5
206.7972221534926,136.2039410801212,5,295,6
164.27273593804244,123.90021892588462,5,296,1
168.31347740497503,126.57624868735067,5,297,1
177.8832177593464,143.79402740796814,5,298,4
206.555914492735,140.93828639127327,5,299,5
176.24118328209835,147.0119482864395,5,300,2
185.07423734637,157.66768532602492,5,301,2
183.58632310872207,126.72438179260658,5,302,4
185.9398763500375,131.2394805971697,5,303,6
177.41969547735232,133.99517120357459,5,304,1
181.4058705000209,144.11666425353727,5,305,1
176.74424642401567,131.25859441949515,5,306,4
179.13385307232718,137.64878291899032,5,307,2
181.28854267889022,131.93183628921454,5,308,4
198.1864373092362,139.48267772147682,5,309,2
189.98700504002414,149.80752835654354,5,310,3
181.69060737302814,135.4921269645104,5,311,6
165.78022127794716,127.1843793341759,5,312,1
173.5158004276822,145.6292938641092,5,313,1
200.81412464892844,148.53425407977332,5,314,2
179.23811395918716,139.9735456088286,5,315,2
187.24855995595928,131.4900071515138,5,316,4
185.5828783853133,142.79000228480282,5,317,3
192.99750277884792,140.0499508552959,5,318,6
176.56965724594411,134.51081477901855,5,319,3
206.6996441996837,132.7944412978983,5,320,2
201.48223270678542,144.24571070179013,5,321,6
189.63645157767013,137.91750496092777,5,322,1
185.2967728264949,145.10634886477567,5,323,5
189.34334786949825,151.47986863670948,5,324,1
209.82716098929464,157.45645015492315,5,325,5
175.81135935265846,143.36087982913435,5,326,5
192.408756510337,141.43365263776926,5,327,1
186.1319328088975,124.61251504881058,5,328,3
179.0825111637261,145.46283702541686,5,329,1
207.2348339410839,138.59500683670268,5,330,5
186.87398286373994,126.34735361756617,5,331,5
203.14841694925713,153.28582587315628,5,332,5
172.64364256704943,132.0991560028449,5,333,1
191.6351605522885,132.61673840468316,5,334,3
189.40393710076532,151.01125748207994,5,335,2
165.49725705488657,128.95561463864183,5,336,1
201.59451590544,144.80533607337406,5,337,4
194.38841958091905,148.5434203882446,5,338,4
208.23535545177464,149.82002701798191,5,339,5
197.82713732262243,157.93160659019975,5,340,5
182.839664147612,129.26350633052448,5,341,5
205.9914170921298,151.17153536547505,5,342,4
200.56226318737484,129.73116267329226,5,343,1
196.62894394342555,142.36597507128744,5,344,3
194.91891579021936,137.73018025508426,5,345,1
196.73707642824462,134.60847707857297,5,346,2
162.6452772464692,128.7513457685011,5,347,4
184.6390051322283,124.4711312469547,5,348,4
179.9833217915305,129.32030535399696,5,349,3
203.15336571224563,148.22225194154356,5,350,5
185.89227976066957,147.88766302936446,5,351,6
197.75753326377446,136.51775564196754,5,352,5
172.92976288000278,136.89063666828793,5,353,3
188.5473868497161,133.2363118036375,5,354,3
177.3177237264632,138.85609729214542,5,355,1
194.8263369837968,125.88695532872784,5,356,2
191.06073710770087,155.04188735931785,5,357,4
207.73092891723968,147.45491382104404,5,358,1
199.21314872268113,131.13626753235977,5,359,3
203.19563002890592,142.18974425631575,5,360,3
204.06860572865043,133.7893130597479,5,361,2
208.91716010283415,146.04425397696934,5,362,1
197.46710500760994,144.5228842496001,5,363,6
188.06089622579225,124.41682219208256,5,364,4
192.67309524006933,129.2174960301503,5,365,5
203.20670910380701,143.3047349470152,5,366,4
176.55198993700327,132.8628443416476,5,367,5
190.2419139690056,146.89511732820378,5,368,4
178.83989467643252,132.05116923741167,5,369,4
198.16104737735873,151.34130369132885,5,370,3
201.7259674113978,126.33971776191092,5,371,6
207.00780375314417,139.2512079678791,5,372,5
200.75726653695418,124.41952193992886,5,373,3
204.5707518922515,125.70801671771963,5,374,2
203.7439784831043,146.0771343855203,5,375,5
193.62874347981634,127.39405361599971,5,376,3
203.01042783575718,150.23036570885589,5,377,5
